COUNTY,itemID,TilesetID
10-County,https://morpc.maps.arcgis.com/sharing/rest/content/items/a6b2c6632d3f4c20af1e6bb042cf70ca/data,16
Delaware,https://morpc.maps.arcgis.com/sharing/rest/content/items/8879636490194b9d96dca2668d0f578a/data,16
Fairfield,https://morpc.maps.arcgis.com/sharing/rest/content/items/3d43b0592e40441fbfec9e645710b5ee/data,16
Franklin,https://morpc.maps.arcgis.com/sharing/rest/content/items/3445fe89fc1141adae4ae5f0b35f5449/data,16
Knox,https://morpc.maps.arcgis.com/sharing/rest/content/items/f060ebfb3cb54b2cb5e179b4b9ad6853/data,16
Licking,https://morpc.maps.arcgis.com/sharing/rest/content/items/b694eea0c25f4c66bfc4c4b36bdc6b14/data,16
Madison,https://morpc.maps.arcgis.com/sharing/rest/content/items/1874e62f26be44df93e30d7af4afe854/data,16
Marion,https://morpc.maps.arcgis.com/sharing/rest/content/items/bbff721600d64a5ea44f8e5da2f2535f/data,16
Morrow,https://morpc.maps.arcgis.com/sharing/rest/content/items/f5d7a2456be545848d7b91c0329b24b8/data,16
Pickaway,https://morpc.maps.arcgis.com/sharing/rest/content/items/1ae3ed6a303e43f2912402ed2d3fbbba/data,16
Union,https://morpc.maps.arcgis.com/sharing/rest/content/items/6be6cd1807804883bd8d5cd918e5498c/data,16
